{"cameraMode":{"drawMode":0,"name":"Shaded","section":"Shading Mode"},"sceneLighting":false,"audioPlay":false,"sceneViewState":{"m_AlwaysRefresh":false,"showFog":true,"showSkybox":false,"showFlares":true,"showImageEffects":true,"showParticleSystems":true,"showVisualEffectGraphs":true,"m_FxEnabled":true},"in2DMode":false,"pivot":{"x":12.367307662963868,"y":-0.4563918113708496,"z":-12.37205982208252},"rotation":{"x":0.17391955852508546,"y":-0.10377957671880722,"z":0.01843435876071453,"w":0.9791049957275391},"size":2.918027400970459,"orthographic":false}